,Date,Close,High,Low,Open,Volume,Short,Long,Signal
0,2023-01-03,14.30147933959961,14.981836857108386,14.082686318071689,14.836973349478152,401277000,,,0
1,2023-01-04,14.73507022857666,14.83897209953886,14.227550577248294,14.55324290716645,431324000,,,0
2,2023-01-05,14.2515287399292,14.550246156419025,14.13463865328627,14.477315142006631,389168000,,,0
3,2023-01-06,14.844964981079102,14.99582237530762,14.02074443406021,14.460328408212447,405044000,,,0
4,2023-01-09,15.613241195678713,16.040836489954398,15.126700652910513,15.269566206043953,504231000,,,0
5,2023-01-10,15.89397430419922,15.946923742496004,15.45738677744463,15.492353567409218,384101000,,,0
6,2023-01-11,15.98588752746582,16.012862454530836,15.548301464922972,15.825040282936422,353285000,,,0
7,2023-01-12,16.495403289794922,16.621283720638296,15.47736578997874,16.08479222411233,551409000,,,0
8,2023-01-13,16.883041381835938,16.906020377978866,16.149735291057727,16.26262754145093,447287000,,,0
9,2023-01-17,17.685283660888672,17.711260084721463,16.88304243708615,16.88304243708615,511102000,,,0
10,2023-01-18,17.36058807373047,17.856117981324587,17.26567658254257,17.650313175213793,439624000,,,0
11,2023-01-19,16.74916648864746,17.180759619770345,16.7152001075131,17.019910464206095,452932000,,,0
12,2023-01-20,17.822154998779297,17.839139143537217,16.809112598985287,16.994935873343884,564967000,,,0
13,2023-01-23,19.17487525939941,19.226826197242588,17.801173785335894,18.046939851336912,655163000,,,0
14,2023-01-24,19.246803283691406,19.476587493158043,18.80222389833277,18.809217256229907,496204000,,,0
15,2023-01-25,19.304750442504883,19.351706937761307,18.562452134690616,18.89513781742045,449537000,,,0
16,2023-01-26,19.78329849243164,20.14695504095457,19.259793204752064,19.682394047297027,489535000,,,0
17,2023-01-27,20.345766067504883,20.60851816523869,19.38667365320494,19.443619026904443,542142000,,,0
18,2023-01-30,19.14389991760254,20.120974817559357,19.13191021638084,19.93115566665376,488611000,,,0
19,2023-01-31,19.51855087280273,19.668408839064604,18.93210531346682,19.151896870281067,498017000,,,0
20,2023-02-01,20.92322158813477,21.171985068230896,19.592478837615094,19.67240320696615,660477000,,,0
21,2023-02-02,21.68849372863769,21.928266800569997,20.68044793879101,20.98016380231964,564276000,,,0
22,2023-02-03,21.08007049560547,21.724461721839603,20.769363425697847,20.980164568929723,429366000,,,0
23,2023-02-06,21.0690860748291,21.54963085392908,20.76637079932243,20.78635237038477,452197000,,,0
24,2023-02-07,22.152061462402344,22.237980691163425,21.13002680675863,21.36180807026756,664150000,,,0
25,2023-02-08,22.18402862548828,22.85639335249941,21.987214177175577,22.365855944634315,559651000,,,0
26,2023-02-09,22.31590461730957,22.998260149633165,22.09911049933204,22.58465157727127,523876000,,,0
27,2023-02-10,21.244911193847656,22.05714291081243,20.79134150249042,21.669510856646237,550737000,,,0
28,2023-02-13,21.76742172241211,22.02717638563268,20.94220165152023,21.51765784303239,474919000,,,0
29,2023-02-14,22.94930648803711,23.027231939405723,21.34582082769537,21.55762050476707,675474000,,,0
30,2023-02-15,22.74249839782715,22.8334120482029,22.085120866486204,22.527701321791618,420575000,,,0
31,2023-02-16,21.98122215270996,22.528703052174777,21.906292220376635,22.112097049271306,412026000,,,0
32,2023-02-17,21.36780166625977,21.719468521066783,20.95519159664021,21.6105722076126,465888000,,,0
33,2023-02-21,20.6354923248291,21.47369869665402,20.59852661530796,20.98016579111472,410015000,,,0
34,2023-02-22,20.73439598083496,21.08406576035755,20.4017103416979,20.68744139727838,513184000,,,0
35,2023-02-23,23.64164924621582,23.86543861130623,23.00325283361213,23.417861786672574,1117995000,,,0
36,2023-02-24,23.264005661010746,23.45182972607232,22.925327050973003,23.203064357889676,589716000,,,0
37,2023-02-27,23.47880172729492,23.85744345555054,23.43184714222687,23.6476427244117,452994000,,,0
38,2023-02-28,23.194074630737305,23.8025006554153,23.18408384597794,23.349927442998144,455963000,,,0
39,2023-03-01,22.67656517028809,23.234038788808046,22.48674406262942,23.170098144653185,460026000,,,0
40,2023-03-02,23.29197883605957,23.35791648305723,22.410811925677443,22.46676069467141,389415000,,,0
41,2023-03-03,23.8674373626709,23.877428147206164,23.108154887916523,23.297975982991947,412393000,,,0
42,2023-03-06,23.531757354736328,24.225100305977037,23.464819285474714,23.868438998083167,437429000,,,0
43,2023-03-07,23.269954681396484,24.106305999392774,23.22299021647264,23.581713193015357,515154000,,,0
44,2023-03-08,24.16226577758789,24.181252063835192,23.405852285965068,23.468803202924352,513573000,,,0
45,2023-03-09,23.417842864990234,24.435053778962832,23.36488252609385,24.156268710129314,501257000,,,0
46,2023-03-10,22.947206497192383,23.608694224451664,22.70839135809084,23.390862722726983,474866000,,,0
47,2023-03-13,22.948205947875977,23.279949451928704,22.279725558137223,22.734372955848883,421890000,,,0
48,2023-03-14,24.04435539245605,24.20023465879967,23.44182196451992,23.47779527575048,474910000,,,0
49,2023-03-15,24.209228515625,24.267182234844768,23.341901021216625,23.742589391877125,524486000,20.438419494628906,,0
50,2023-03-16,25.521209716796875,25.568172276922425,23.875484642486136,24.00838291285319,583253000,20.662814102172852,,0
51,2023-03-17,25.70507049560547,26.37854811527238,25.648113542090044,25.961871359937923,848547000,20.882214107513427,,0
52,2023-03-20,25.879932403564453,26.0038368777567,25.110528539041603,25.59515337288159,432747000,21.114782180786133,,0
53,2023-03-21,26.17870140075684,26.371552664422826,25.361336269568945,26.159717020816757,547408000,21.341456909179687,,0
54,2023-03-22,26.447492599487305,27.567624321193616,26.21667068225775,26.40452474253013,797295000,21.558141937255858,,0
55,2023-03-23,27.169931411743164,27.477693326309836,26.669320153605067,27.093990085842137,564889000,21.783661079406738,,0
56,2023-03-24,26.758251190185547,27.145951059024597,26.334579915197427,27.01005675084153,454920000,21.999108352661132,,0
57,2023-03-27,26.510448455810547,26.9790850175972,26.344576678293613,26.816211175391807,361026000,22.199409255981447,,0
58,2023-03-28,26.389537811279297,26.492458648935735,25.82997222376829,26.42650979990374,356104000,22.389539184570314,,0
59,2023-03-29,26.96309471130371,27.057021752152824,26.5763953898086,26.80421939827036,393694000,22.57509540557861,,0
60,2023-03-30,27.36178207397461,27.47769332122134,27.0809996657957,27.207902069655145,364516000,22.775119285583497,,0
61,2023-03-31,27.75547981262207,27.812434858242728,27.08399956957691,27.11897230037396,433933000,22.99524555206299,,0
62,2023-04-03,27.943334579467773,27.978307311137023,27.31482217992069,27.487688485526352,398716000,23.19766914367676,,0
63,2023-04-04,27.43173217773437,27.978309319114103,27.28584537062366,27.944335261376853,368592000,23.362806282043458,,0
64,2023-04-05,26.86017227172852,26.977080289952102,26.374548778869844,26.808212517227776,515015000,23.5150736618042,,0
65,2023-04-06,27.016054153442383,27.05902010799569,26.406526131732782,26.56340408671622,397654000,23.66929973602295,,0
66,2023-04-10,27.557632446289062,27.599599722003894,26.648337660725947,26.802217671680346,395279000,23.824786415100096,,0
67,2023-04-11,27.14794921875,27.76846833786709,27.10498136250291,27.702519492015774,314378000,23.960830078125,,0
68,2023-04-12,26.47447204589844,27.44671772144489,26.427507578002256,27.34879408048613,446259000,24.10744152069092,,0
69,2023-04-13,26.442495346069336,26.86616660994681,26.30860029990406,26.71328527901628,353615000,24.24592041015625,,0
70,2023-04-14,26.737268447875977,26.862171603134502,26.19968516091452,26.483465526083037,395660000,24.362201347351075,,0
71,2023-04-17,26.9810791015625,26.98507571258764,26.412519730546887,26.544417423730405,321471000,24.46805305480957,,0
72,2023-04-18,27.64556312561035,28.088220677251837,27.335803850613637,27.511668078538012,604812000,24.599362907409667,,0
73,2023-04-19,27.90935516357422,27.97830193729971,27.210897434842533,27.339797179075624,358660000,24.73616828918457,,0
74,2023-04-20,27.08299827575684,28.008281349677112,26.979078769754505,27.649558365783957,427713000,24.83478702545166,,0
75,2023-04-21,27.097990036010746,27.161941536904624,26.701298237499223,26.93111959606842,345103000,24.93306625366211,,0
76,2023-04-24,27.02104949951172,27.34479789153489,26.650336635594115,26.992072637622144,339282000,25.027169151306154,,0
77,2023-04-25,26.220666885375977,27.22588792391112,26.20468044143942,27.05701824520363,378527000,25.126684265136717,,0
78,2023-04-26,26.93511199951172,27.308822747304923,26.68430704058292,26.981077788741214,406337000,25.23003807067871,,0
79,2023-04-27,27.20490837097168,27.473700988118107,26.60437412188999,27.341803276486612,377161000,25.315150108337402,,0
80,2023-04-28,27.727500915527344,27.736492814146462,27.050024820075876,27.2039067374998,292216000,25.414850158691408,,0
81,2023-05-01,28.88759994506836,29.03548598905162,27.758476324633243,27.818429302087736,570329000,25.552977714538574,,0
82,2023-05-02,28.188140869140625,28.813657176732367,28.06124037151052,28.65777791443709,402730000,25.68938449859619,,0
83,2023-05-03,27.78046226501465,28.345025101870167,27.450717987161283,27.81843293372934,383387000,25.832283897399904,,0
84,2023-05-04,27.540645599365234,27.83741446612487,27.2188945775801,27.62957543882547,321850000,25.968408889770508,,0
85,2023-05-05,28.65777969360352,28.732720441787755,27.70951555183905,27.804441261887437,361494000,26.06873149871826,,0
86,2023-05-08,29.1284122467041,29.19735902796808,28.32803419001098,28.499899899156308,344979000,26.186019630432128,,0
87,2023-05-09,28.548864364624023,28.950553350491152,28.42795972300857,28.87661127506704,314869000,26.28742088317871,,0
88,2023-05-10,28.86261940002441,29.090443380229463,28.43894813940752,28.98252535370124,369350000,26.400791778564454,,0
89,2023-05-11,28.555856704711918,28.92757012348596,28.224115114379536,28.873611109189465,322149000,26.51837760925293,,0
90,2023-05-12,28.31804084777832,28.75770044655747,28.024268029130468,28.506893577420765,274222000,26.618898849487305,,0
91,2023-05-15,28.930566787719727,28.94655513827334,28.130188701131114,28.48591187164364,293926000,26.72016143798828,,0
92,2023-05-16,29.19036674499512,29.8468592323244,28.809663309971143,28.81865520899866,449405000,26.833333625793458,,0
93,2023-05-17,30.154619216918945,30.17560285577452,29.407199534895835,29.561079553170053,432535000,26.971026916503906,,0
94,2023-05-18,31.65345573425293,31.8033391347446,30.29650809578211,30.38643851725128,748725000,27.120850715637207,,0
95,2023-05-19,31.23977851867676,31.55553368610552,30.89204855454389,31.511567149468043,473908000,27.277289428710937,,0
96,2023-05-22,31.15184783935547,31.495581197519755,30.656231812128347,30.87705936340456,372000000,27.4413822555542,,0
97,2023-05-23,30.664226531982425,31.26376210879847,30.607271481238808,30.97598510816161,356253000,27.595702667236328,,0
98,2023-05-24,30.514339447021484,30.583286230185735,29.78290624556208,30.186592557912466,721419000,27.72510234832764,,0
99,2023-05-25,37.9505729675293,39.44941078052054,36.606613842123146,38.49315152397772,1543911000,27.999929237365723,24.219174365997315,1
100,2023-05-26,38.91582107543945,39.13964652884735,37.52090288485736,37.86063958166922,714397000,28.267821464538574,24.46531778335571,1
101,2023-05-30,40.07992172241211,41.90550581208473,39.91804849161949,40.56354787392991,923401000,28.555318489074708,24.718766298294067,1
102,2023-05-31,37.80467987060547,40.26377123509659,37.7926881333087,39.45739741909796,1002580000,28.793813438415526,24.95429780960083,1
103,2023-06-01,39.73918533325195,40.0189671601438,38.31029304006884,38.45917585173872,635873000,29.06502311706543,25.20324001312256,1
104,2023-06-02,39.296531677246094,40.46862324900234,39.027739074551626,40.06593558901887,482731000,29.322003898620604,25.44007291793823,1
105,2023-06-05,39.140655517578125,39.53434747890834,38.677014278698906,38.87885745313366,396094000,29.561418380737305,25.67253973007202,1
106,2023-06-06,38.624053955078125,39.12966247370084,38.11844543645541,38.79992010783334,388729000,29.798734436035158,25.898921394348143,1
107,2023-06-07,37.44983673095703,39.4724798355732,37.33091714927566,38.88887231517685,511998000,30.017522201538085,26.108465728759764,1
108,2023-06-08,38.48414993286133,38.83791241516049,37.479827246068986,37.6986782072465,417772000,30.259414443969728,26.32447681427002,1
109,2023-06-09,38.74396514892578,39.68433131568458,38.54110235440473,39.01078414195627,427717000,30.495031852722168,26.53506362915039,1
110,2023-06-12,39.45549011230469,39.50345822042976,38.59207179032555,39.173681765722975,388701000,30.73690601348877,26.75601264953613,1
111,2023-06-13,40.99445724487305,41.073406583154025,39.7133202956982,40.15901999798978,613208000,31.00168556213379,26.99846555709839,1
112,2023-06-14,42.96813201904297,42.97112835789962,40.5247701668764,40.79659070865138,740465000,31.302181510925294,27.249925327301025,1
113,2023-06-15,42.62436676025391,43.25994139693394,42.11870592148791,42.5734023081188,568622000,31.606034202575685,27.48442024230957,1
114,2023-06-16,42.66333770751953,43.69164616054712,42.63235647777839,43.42082820287016,655709000,31.922097511291504,27.718585586547853,1
115,2023-06-20,43.778587341308594,43.96046817143032,42.64534980172413,42.96913358966378,451153000,32.257348175048826,27.963323955535888,1
116,2023-06-21,43.01609420776367,43.58571496992743,42.05174584798612,43.47178929264037,551603000,32.56651741027832,28.195651912689208,1
117,2023-06-22,42.9961166381836,43.39684459011098,42.205647311041446,42.22463174963578,417737000,32.88348075866699,28.422155418395995,1
118,2023-06-23,42.1806640625,42.78025974812376,41.98679405380195,42.43549394435148,358140000,33.19760459899902,28.65252305984497,1
119,2023-06-26,40.60471725463867,42.73528567393262,40.07307297637483,42.43248772308976,594322000,33.48084903717041,28.86338472366333,1
120,2023-06-27,41.84788513183594,41.91184134069005,40.42084625845822,40.77160853354225,462175000,33.78306137084961,29.072631359100342,1
121,2023-06-28,41.08940124511719,41.8169132235577,40.49080429319049,40.632707269414,582639000,34.0652278137207,29.26664043426514,1
122,2023-06-29,40.79459381103516,41.57207139901728,40.572742722962666,41.53009977760553,380514000,34.328208427429196,29.463785667419433,1
123,2023-06-30,42.27359771728516,42.521432314666136,41.47313679846607,41.65201747661018,501148000,34.615493278503415,29.675830783843995,1
124,2023-07-03,42.384525299072266,42.86920031645341,42.17366841247964,42.48845557277733,198209000,34.921523818969725,29.878155422210693,1
125,2023-07-05,42.28859329223633,43.14801275888201,42.05674678060165,42.10671245240927,323618000,35.225335884094235,30.079201068878174,1
126,2023-07-06,42.074737548828125,42.15068674468522,41.31824574169724,41.81591253990793,303582000,35.52640964508057,30.27678939819336,1
127,2023-07-07,42.47446441650391,43.18498944249767,42.151683210929725,42.293586172904085,355881000,35.851485595703124,30.48908493041992,1
128,2023-07-10,42.15167999267578,42.78225684784847,41.62103447108327,42.62836091679516,353908000,36.15581695556641,30.69292751312256,1
129,2023-07-11,42.37652969360352,42.72929334341537,42.03875917556284,42.45247888360537,298244000,36.459249382019046,30.887199745178222,1
130,2023-07-12,43.87252426147461,43.90550305041173,42.748279595768494,43.00410823370412,481277000,36.78214984893799,31.098500003814696,1
131,2023-07-13,45.94613265991211,46.12401074310035,44.46212906513595,44.48811258488501,478204000,37.123320503234865,31.338149108886718,1
132,2023-07-14,45.438472747802734,48.05571376740953,45.02974696414493,46.55172319456043,772075000,37.46832714080811,31.57885581970215,1
133,2023-07-17,46.429805755615234,46.46478210498472,45.231613235689295,46.25792415993447,510488000,37.84131401062012,31.83679895401001,1
134,2023-07-18,47.46212005615234,47.86385064841655,45.70330309932185,46.66965307393639,569164000,38.23974349975586,32.10407619476318,1
135,2023-07-19,47.04539489746094,47.78589856143542,46.71062071194178,47.432136125010175,427502000,38.60749580383301,32.338113651275634,1
136,2023-07-20,45.48943328857422,47.05538237311649,45.0317406575106,46.47577001952054,537865000,38.93471622467041,32.56036792755127,1
137,2023-07-21,44.27924346923828,45.83520092266416,44.07038418411093,45.75725037396218,963769000,39.249323806762696,32.7683723449707,1
138,2023-07-24,44.5820541381836,45.07872217857973,44.010439490522,44.70097374213304,382516000,39.56371250152588,32.98225214004517,1
139,2023-07-25,45.64833831787109,46.15199780648313,44.89284527281643,44.91083474546826,348081000,39.90556213378906,33.211969871521,1
140,2023-07-26,45.421478271484375,46.02207643335908,44.60003165413304,45.99009642726595,364237000,40.24763088226318,33.433264865875245,1
141,2023-07-27,45.86919021606445,47.36318559950191,45.71928938176142,46.487774181270936,455976000,40.586403350830075,33.65328239440918,1
142,2023-07-28,46.71861267089844,46.99542712373659,46.34986093104817,46.63666699267924,331194000,40.93696826934814,33.8851509475708,1
143,2023-07-31,46.69762802124024,47.09835978102498,46.47477816190332,46.722612762047206,251055000,41.26782844543457,34.11942768096924,1
144,2023-08-01,46.47577667236328,46.86851438021285,45.99609938631063,46.42880734222909,237858000,41.564274864196776,34.34256278991699,1
145,2023-08-02,44.2392807006836,45.80922514482271,43.357872868108224,45.80023231542858,530142000,41.82426490783691,34.550777168273925,1
146,2023-08-03,44.48511505126953,45.08771087858276,43.77059490108069,43.77059490108069,324176000,42.0909302520752,34.7661562538147,1
147,2023-08-04,44.65000534057617,45.61135750960015,44.363199262281455,44.95480089030669,362666000,42.37064582824707,34.9831742477417,1
148,2023-08-07,45.38650894165039,45.509427463028686,44.53308218630117,45.08071461988879,322154000,42.66808921813965,35.19659578323364,1
149,2023-08-08,44.63401412963867,45.21162517699858,44.0264206319756,44.822886411936246,353843000,42.80175804138184,35.40084363937378,1
150,2023-08-09,42.525428771972656,44.282247816533705,42.10570879075274,44.24427131811032,586449000,42.8739501953125,35.57088582992554,1
151,2023-08-10,42.35953903198242,43.54474351477006,41.80690894140178,42.13169148232309,492705000,42.91954254150391,35.737430515289304,1
152,2023-08-11,40.82756423950195,41.98978526448828,40.61170968615269,41.72296245833929,533085000,42.980000228881835,35.88690683364868,1
153,2023-08-14,43.7236213684082,43.77059069571262,40.28393489349156,40.4588166311825,690286000,43.05968894958496,36.062356033325194,1
154,2023-08-15,43.91049957275391,45.23761094961256,43.68065444037462,44.53008608139681,676512000,43.15196830749512,36.23698610305786,1
155,2023-08-16,43.45680236816406,44.64500321753911,43.37685425253248,44.49010850867288,527451000,43.23829124450683,36.39985481262207,1
156,2023-08-17,43.31489944458008,44.03241586576328,42.97212742620197,43.9404785824408,452395000,43.332108154296876,36.56542129516602,1
157,2023-08-18,43.26993179321289,43.54874382071952,41.632032166940185,42.606376093632456,583768000,43.448510055541995,36.73301612854004,1
158,2023-08-21,46.93547058105469,47.03340436768353,44.19231433927529,44.46413110797892,692573000,43.61753646850586,36.938475456237796,1
159,2023-08-22,45.6373405456543,48.15465044840223,45.30256635922711,48.1026834062312,755293000,43.75540397644043,37.1252179145813,1
160,2023-08-23,47.08436965942383,47.16831289980493,45.17764965557936,45.8352088507009,779046000,43.90798156738281,37.32244379043579,1
161,2023-08-24,47.1313362121582,50.23225371220406,47.12734109327312,50.18228804118617,1156044000,44.030719146728515,37.51620235443115,1
162,2023-08-25,45.98710632324219,47.77290532972233,44.993770374089465,46.980438460258725,925341000,44.0910986328125,37.6966400718689,1
163,2023-08-28,46.80355453491211,46.94845764081992,44.85786313408847,46.45079089513967,685192000,44.17468238830566,37.89035829544068,1
164,2023-08-29,48.75124740600586,49.04804888819601,46.35985248205318,46.63466937521741,701397000,44.29644058227539,38.109269046783446,1
165,2023-08-30,49.23092651367188,49.89347960876958,48.39248907555187,49.01107299096213,735206000,44.40548736572266,38.33141777038574,1
166,2023-08-31,49.32186126708984,49.71060002102523,48.925128464014456,49.34684600627132,528570000,44.53160270690918,38.54906005859375,1
167,2023-09-01,48.47643661499024,49.76657038149354,48.109682388761954,49.72859768878448,463830000,44.64120910644531,38.762344932556154,1
168,2023-09-05,48.515403747558594,48.81820170710798,47.82786596593289,48.190621199909984,382653000,44.767903900146486,38.98275424957276,1
169,2023-09-06,47.03327560424805,48.52039793637345,46.552559984025976,48.41246366728123,468670000,44.896475067138674,39.18866205215454,1
170,2023-09-07,46.21376419067383,46.31670416196295,45.12540493347,45.49818632647951,433330000,44.98379264831543,39.38342700958252,1
171,2023-09-08,45.5451545715332,46.57854589398362,45.24433318600193,45.914939369305465,473069000,45.07290771484375,39.569067764282224,1
172,2023-09-11,45.1513900756836,46.13580667584193,44.28589904966943,46.12081612132712,473966000,45.16004364013672,39.74412603378296,1
173,2023-09-12,44.843563079833984,45.64609138297815,44.50476210542276,44.71164088016986,349256000,45.211442947387695,39.91346811294556,1
174,2023-09-13,45.45821380615234,45.90295143393173,44.476789863820855,44.57373286105348,398355000,45.2729167175293,40.097220268249515,1
175,2023-09-14,45.55415344238281,45.959912533797855,45.104417736108495,45.92293557779265,370097000,45.338227920532226,40.281781902313234,1
176,2023-09-15,43.874141693115234,45.5721383754204,43.7821930198778,45.31429093296798,506831000,45.37421600341797,40.450312824249266,1
177,2023-09-18,43.94010162353516,44.21594002292978,41.97526008372968,42.72282057558749,500271000,45.403528747558596,40.62750717163086,1
178,2023-09-19,43.49436569213867,43.94010212892765,42.97666925633851,43.80718104995943,373064000,45.43038246154785,40.79309970855713,1
179,2023-09-20,42.21411895751953,43.87714029849524,42.1981295407641,43.57431736743093,367108000,45.42713424682617,40.943191814422605,1
180,2023-09-21,40.99283599853516,42.07519820791581,40.955859044978006,41.55850447024245,450736000,45.369540481567384,41.07584516525269,1
181,2023-09-22,41.585487365722656,42.09019092808113,41.20670902536928,41.54750773927353,479236000,45.282327575683595,41.20282403945923,1
182,2023-09-25,42.19712829589844,42.51094250359211,41.15274189436024,41.566499482257406,419091000,45.21750068664551,41.342913913726804,1
183,2023-09-26,41.88631439208984,42.794779402172175,41.63046465348833,41.97626153603217,402282000,45.126630859375,41.48397243499756,1
184,2023-09-27,42.4429817199707,42.84674687562001,41.60447906383656,42.3050663366097,444935000,45.026248092651365,41.632995796203616,1
185,2023-09-28,43.06361389160156,43.4204020019038,42.09018872060994,42.434982863983606,424663000,44.94661247253418,41.777054138183594,1
186,2023-09-29,43.4733772277832,44.11799774453881,43.28148898443914,43.8011831331208,397830000,44.90629135131836,41.920503787994384,1
187,2023-10-02,44.755619049072266,45.14838526378596,43.835160204850645,44.00405936080031,433298000,44.91581886291504,42.08257133483887,1
188,2023-10-03,43.49136352539063,45.103416123255286,43.22052325615126,44.78160339586175,470850000,44.89400505065918,42.22885877609253,1
189,2023-10-04,44.01505661010742,44.11699771323821,43.26649728345652,43.71623295909225,361821000,44.86133941650391,42.383450775146486,1
190,2023-10-05,44.66168212890625,44.87355907762935,43.862154026315785,44.02405737101078,393483000,44.84614349365234,42.546887187957765,1
191,2023-10-06,45.73504638671875,45.762030910222144,44.00006886129196,44.166970312257135,434436000,44.84346061706543,42.71493198394776,1
192,2023-10-09,45.24633026123047,45.5781354250376,44.341864581232265,44.8155843904291,409675000,44.81401496887207,42.87549161911011,1
193,2023-10-10,45.77102279663086,46.23174977831537,45.06144194063752,45.28331129243573,368582000,44.795482864379885,43.031655654907226,1
194,2023-10-11,46.7784309387207,46.83140112460815,46.02287570557261,46.16878961981402,378137000,44.80153594970703,43.1829054069519,1
195,2023-10-12,46.9173469543457,47.58095729211939,46.30271135229589,46.749446645978935,481325000,44.85509727478027,43.33968109130859,1
196,2023-10-13,45.43421936035156,47.088247061466205,45.25332622388591,46.93233691107498,474115000,44.874079360961915,43.482504806518556,1
197,2023-10-16,46.06785202026367,46.197772707429415,44.88554631741198,45.036458356873474,375099000,44.90243629455566,43.63654106140137,1
198,2023-10-17,43.9121208190918,44.72764209675683,42.45497937899436,43.97408457640043,812333000,44.872948532104495,43.77051887512207,1
199,2023-10-18,42.171142578125,43.19354257835518,41.80036274107,42.56591035137608,627294000,44.82369110107422,43.812724571228024,1
200,2023-10-19,42.076202392578125,43.27149704183871,41.85732962426039,42.78578325627493,501233000,44.814706573486326,43.84432838439941,1
201,2023-10-20,41.36262130737305,42.444983530451566,41.05380140770334,41.86532335952727,477266000,44.79476821899414,43.857155380249026,1
202,2023-10-23,42.94968795776367,43.222529794895785,40.92088476471772,41.20471789682862,478530000,44.837210693359374,43.90860546112061,1
203,2023-10-24,43.63727951049805,43.67125988007167,42.66585573528576,43.05162614435632,401463000,44.83548385620117,43.947586402893066,1
204,2023-10-25,41.75439453125,43.62429484406004,41.53052742697452,43.37244053929943,398379000,44.7923617553711,43.97216503143311,1
205,2023-10-26,40.30224609375,42.231109527965074,39.85650966502812,41.82834703800738,541001000,44.72927062988281,43.98378093719482,1
206,2023-10-27,40.47614288330078,41.18172828466948,39.99142796964453,41.105772840082615,416784000,44.67249549865723,44.00230182647705,1
207,2023-10-30,41.13676071166992,41.74140398622709,40.45716084007077,41.062806789213255,388028000,44.629832077026364,44.03917106628418,1
208,2023-10-31,40.7559814453125,40.85492597583814,39.206895078542935,40.42617778091217,517969000,44.50624229431153,44.06188938140869,1
209,2023-11-01,42.300071716308594,42.35603848881298,40.844928006293706,40.85991856143589,437593000,44.43949691772461,44.09745044708252,1
210,2023-11-02,43.48036956787109,43.85814522748643,42.86873060709395,43.302473031096746,409172000,44.36741691589356,44.13769924163818,1
211,2023-11-03,44.97848892211914,45.28230687928524,43.69724264528921,43.99406856905828,424610000,44.32435997009277,44.17753955841064,1
212,2023-11-06,45.72405242919922,45.90794597594991,44.87255306180776,45.25832729646328,400733000,44.31909889221191,44.20509876251221,1
213,2023-11-07,45.92793273925781,46.190774498668894,45.13140131544397,45.69207169045335,343165000,44.30158645629883,44.238134422302245,1
214,2023-11-08,46.54656219482422,46.83938884160353,45.94091641434092,46.07283861591503,346719000,44.257492752075194,44.276966667175294,0
215,2023-11-09,46.922340393066406,48.2015850671642,46.72245745962616,47.43903409699533,540496000,44.21132102966308,44.30840419769287,0
216,2023-11-10,48.30652618408203,48.44344651790456,47.25514775060462,47.47201897601796,421245000,44.19101432800293,44.36130851745605,0
217,2023-11-13,48.59135437011719,49.0870643467763,48.07066140972394,48.29153187815876,384136000,44.19331268310547,44.41726089477539,0
218,2023-11-14,49.626747131347656,49.80464367900986,49.01111268540679,49.65073506752464,416954000,44.21553955078125,44.49172172546387,0
219,2023-11-15,48.85920333862305,49.93057048121235,48.17160887491718,49.905587494765264,475497000,44.25205810546875,44.57426658630371,0
220,2023-11-16,49.45085525512695,49.49583073208514,48.30153490578404,48.65032836479482,339756000,44.31679992675781,44.65029628753662,0
221,2023-11-17,49.26896286010742,49.68771478002095,48.97813389873992,49.49482766776376,325205000,44.391276092529296,44.73209190368652,0
222,2023-11-20,50.37930679321289,50.5182248537623,49.15202951055082,49.28295286302151,414120000,44.49583442687988,44.8279390335083,0
223,2023-11-21,49.914581298828125,50.48724182772053,49.19300646271815,50.09647330080843,565747000,44.597254791259765,44.904348869323734,0
224,2023-11-22,48.68730163574219,50.30534738521416,47.66190506313219,49.82263401876184,899420000,44.661836547851564,44.96737663269043,0
225,2023-11-24,47.74785232543945,48.89217817214815,47.71686854653788,48.441443678707,294645000,44.70571052551269,45.02196922302246,0
226,2023-11-27,48.21358489990234,48.50141346161061,47.62393227136599,47.77184390637924,395662000,44.79249938964844,45.083357696533206,0
227,2023-11-28,47.79282760620117,48.2945345904846,47.44503304136884,48.20758404305151,401491000,44.86955390930176,45.13654132843018,0
228,2023-11-29,48.11164474487305,48.73328003145955,47.83181088593398,48.35050619942494,382005000,44.961899490356444,45.19614097595215,0
229,2023-11-30,46.74245834350586,48.0816693911772,46.39466370220161,47.99571768674859,526247000,45.052466278076174,45.23980026245117,0
230,2023-12-01,46.73745727539063,47.17220245585192,46.15979857134605,46.49760075768486,369317000,45.16735870361328,45.26844959259033,0
231,2023-12-04,45.483192443847656,46.04985981674189,44.98348694921652,46.04985981674189,437543000,45.24531280517578,45.26382019042969,0
232,2023-12-05,46.542667388916016,46.57664693505586,45.24831433854384,45.44321631785002,371718000,45.33222358703613,45.274862136840824,1
233,2023-12-06,45.48019027709961,47.363248618844615,45.38923628677336,47.19133394813323,380590000,45.40410110473633,45.26536598205566,1
234,2023-12-07,46.57265090942383,46.6056353183363,45.5811474318534,45.67709999626113,350823000,45.48669448852539,45.25647129058838,1
235,2023-12-08,47.4821891784668,47.71707199991906,46.526667071393376,46.57164649877913,359224000,45.575065994262694,45.260839233398436,1
236,2023-12-11,46.60363006591797,47.50717632201845,45.80703244000096,47.46719926720655,509728000,45.63767105102539,45.271981201171876,1
237,2023-12-12,47.63311767578125,47.642112036749815,46.02292498477765,46.02292498477765,372387000,45.69522102355957,45.30551994323731,1
238,2023-12-13,48.06390380859375,48.5696507647958,47.584144799570055,47.60513418472511,447792000,45.786671829223636,45.340338439941405,1
239,2023-12-14,48.32576751708984,48.64560684171551,47.39823500078961,48.36574838586443,391232000,45.87288604736328,45.367112731933595,1
240,2023-12-15,48.86549377441406,49.37923607613424,48.0958792715529,48.169843491403206,479948000,45.95696228027344,45.40155288696289,1
241,2023-12-18,50.051902770996094,50.40772334929845,49.12536921258584,49.37524392106738,412587000,46.04329940795898,45.44338001251221,1
242,2023-12-19,49.57913589477539,49.675088445454506,48.870491649793216,49.39922581544832,464444000,46.129955520629885,45.471985244750975,1
243,2023-12-20,48.08688735961914,49.97394160292545,48.07389338703891,49.63011224279049,397894000,46.176272811889646,45.48587783813477,1
244,2023-12-21,48.96544647216797,49.07039338559571,48.39472971516772,48.78653533808319,300425000,46.22001312255859,45.510774536132814,1
245,2023-12-22,48.8055305480957,49.35825100102085,48.44270969078598,49.17034549223245,252507000,46.257776794433596,45.55643703460694,1
246,2023-12-26,49.254302978515625,49.57514125413187,48.935462602509865,48.94345801373731,244200000,46.33417846679688,45.60412891387939,1
247,2023-12-27,49.39223861694336,49.65510732450741,49.06040423894506,49.48619328583106,233648000,46.40066619873047,45.651551246643066,1
248,2023-12-28,49.4971809387207,49.85899903094536,49.38723545621996,49.61812249458572,246587000,46.51236740112304,45.69265796661377,1
249,2023-12-29,49.4971809387207,49.97194517562977,48.726567424201626,49.78803546733378,389293000,46.65888816833496,45.74128963470459,1
250,2024-01-02,48.143856048583984,49.27029006493009,47.57114520519551,49.21931693922932,411254000,46.78024124145508,45.7974739074707,1
251,2024-01-03,47.54515838623047,48.159848009515486,47.29628263742881,47.461200853543446,320896000,46.903891983032224,45.84933010101318,1
252,2024-01-04,47.97394561767578,48.47569292887805,47.48418951664503,47.74305858328899,306535000,47.00437713623047,45.92079391479492,1
253,2024-01-05,49.072391510009766,49.522166721608514,48.281787612444646,48.43771146509866,415039000,47.1130793762207,45.97428161621094,1
254,2024-01-08,52.22681427001953,52.24880641801322,49.45420606560053,49.48719047480535,642510000,47.322527770996096,46.0574447631836,1
255,2024-01-09,53.11336898803711,54.29777651370217,51.66409487363166,52.37474091414494,773100000,47.57875022888184,46.154010429382325,1
256,2024-01-10,54.3227653503418,54.57264008297959,53.462196710132666,53.58913578901618,533796000,47.85568267822266,46.26408908843994,1
257,2024-01-11,54.794525146484375,55.3182646237258,53.53316035979794,54.97143839700127,596759000,48.128837966918944,46.37933502197266,1
258,2024-01-12,54.68257522583008,54.942447033748536,54.30276844931097,54.59262018659447,352994000,48.4073698425293,46.45680606842041,1
259,2024-01-16,56.35374450683594,56.80651660434578,54.87248875685251,54.990429652443055,449580000,48.68844329833984,46.56397010803223,1
260,2024-01-17,56.02490997314453,56.4426997568922,54.71256826860131,56.31876135148863,474394000,48.939334106445315,46.653375511169436,1
261,2024-01-18,57.0783805847168,57.57113355960741,56.07888171171816,57.23130379027645,491650000,49.181331939697266,46.75284595489502,1
262,2024-01-19,59.46118927001953,59.470183631396026,57.19632214390486,57.9599392307051,543501000,49.45607467651367,46.887586784362796,1
263,2024-01-22,59.62410354614258,60.30076621768796,59.04039658553907,60.018906048230285,452955000,49.729998092651364,47.015792274475096,1
264,2024-01-23,59.842994689941406,59.87997489614632,58.555638180668645,59.54014514062131,294654000,49.99592674255371,47.12670974731445,1
265,2024-01-24,61.33124923706055,62.81750357026873,59.90796305820768,60.27378077359489,560271000,50.284104919433595,47.24771297454834,1
266,2024-01-25,61.58611679077149,62.687565633845296,60.81949912329837,62.3187472904737,482777000,50.54969673156738,47.37035552978516,1
267,2024-01-26,61.00041198730469,61.75203783033358,60.54264514796327,60.92944842366768,390309000,50.797877883911134,47.4955952835083,1
268,2024-01-29,62.433692932128906,62.45767916479008,60.8764751379027,61.20130919891072,348733000,51.05401679992676,47.634778175354,1
269,2024-01-30,62.74253845214844,63.461179887339625,62.22879610932244,62.86847856975012,410735000,51.331683502197265,47.79187080383301,1
270,2024-01-31,61.49616622924805,62.23779495619412,60.66958101504,61.40920802958089,453795000,51.57258972167969,47.94469482421875,1
271,2024-02-01,62.99541091918945,63.15933018552209,61.61910217787421,62.068873584965374,369146000,51.84711868286133,48.119197387695316,1
272,2024-02-02,66.1268539428711,66.56662829382361,63.65808651280487,63.941944610064006,476578000,52.16206962585449,48.32895202636719,1
273,2024-02-05,69.29725646972656,69.46217469854224,67.17132346877767,68.19080896214494,680078000,52.54972312927246,48.57348896026611,1
274,2024-02-06,68.18881225585938,69.71904328530657,66.26677937017486,69.59510487406826,683111000,52.9397533416748,48.80079494476318,1
275,2024-02-07,70.06385803222656,70.1847995704641,67.56611024482635,68.28475157553528,495575000,53.386073455810546,49.04589199066162,1
276,2024-02-08,69.60609436035156,70.75851634793179,69.42019057387394,70.03887599609345,414422000,53.81392364501953,49.303211517333985,1
277,2024-02-09,72.09687042236328,72.14883870113421,70.17682744191819,70.49766579276313,436637000,54.30000450134278,49.58477920532226,1
278,2024-02-12,72.21178436279297,74.57359879264203,71.21428354571269,72.5636052877806,613710000,54.78200729370117,49.87195339202881,1
279,2024-02-13,72.09186553955078,73.41320187519852,69.58512632462431,70.36473436037795,602580000,55.28899543762207,50.17073085784912,1
280,2024-02-14,73.86296844482422,74.19879860297466,71.90195366370614,73.1653201816801,504917000,55.831505661010745,50.49943218231201,1
281,2024-02-15,72.62158203125,73.93792331267274,72.36371572931519,73.8319812576461,420122000,56.374273452758786,50.809793128967286,1
282,2024-02-16,72.57659912109375,74.36470378549747,72.46465575310286,74.06285322156347,495327000,56.894952087402345,51.113587837219235,1
283,2024-02-20,69.41719818115234,71.91994112607156,67.70005682448759,71.91094295214619,704833000,57.3736922454834,51.38889667510986,1
284,2024-02-21,67.43818664550781,68.85347738557593,66.21480102707116,67.97191561607241,673755000,57.79100296020508,51.63884872436523,1
285,2024-02-22,78.49864196777344,78.53561836150196,74.1828051803666,74.98740205219113,865100000,58.41133201599121,51.993199005126954,1
286,2024-02-23,78.77750396728516,82.35270728551444,77.53112722629109,80.74951481547919,829388000,59.054809494018556,52.346240272521975,1
287,2024-02-26,79.0523681640625,80.60559027528652,78.46565670997347,79.66005756473585,503973000,59.68319450378418,52.689207763671874,1
288,2024-02-27,78.66154479980469,79.44016125360511,77.12332243829638,79.34120423128547,391705000,60.2951473236084,53.04090957641601,1
289,2024-02-28,77.62408447265625,78.89344471041017,77.08635205553938,77.58110675234951,393110000,60.88111366271973,53.376999855041504,1
290,2024-02-29,79.07234954833984,79.94990785839042,78.31073041631178,79.05436082688792,507289000,61.48525077819824,53.72110652923584,1
291,2024-03-01,82.23775482177734,82.25874801625466,79.39517868225165,79.95989790136245,479135000,62.12896781921387,54.086133613586426,1
292,2024-03-04,85.19427490234375,87.65104302544864,83.67703804923654,84.08782752325428,615616000,62.84127059936523,54.48561305999756,1
293,2024-03-05,85.92495727539062,86.05790010828508,83.3791168960246,85.23127220389335,520639000,63.598031997680664,54.887152404785155,1
294,2024-03-06,88.65969848632812,89.68323533367624,86.99045903620946,87.98201274018054,582520000,64.39191703796386,55.30596508026123,1
295,2024-03-07,92.62689208984376,92.72484713388091,89.56128432084023,90.1170314433978,608119000,65.26834426879883,55.76306053161621,1
296,2024-03-08,87.48823547363281,97.35575222228928,86.46669660091352,95.09477882297772,1142269000,66.03302291870118,56.183600692749025,1
297,2024-03-11,85.73503875732422,88.75666054013853,84.12776749206648,86.38973999977979,678364000,66.75987892150879,56.58027256011963,1
298,2024-03-12,91.87124633789062,91.91822205763889,86.11086395561675,88.00900332244493,668075000,67.60736022949219,57.059863815307615,1
299,2024-03-13,90.84671020507812,91.4624276728691,88.39482167096672,91.01363415420468,635713000,68.43435081481934,57.54661949157715,1
300,2024-03-14,87.90404510498047,90.60482099682989,86.56065394827854,89.53630642599725,602318000,69.22955459594726,58.004897918701175,1
301,2024-03-15,87.7970962524414,89.5053195385714,86.2178197951128,86.89051059382359,642086000,70.03459335327149,58.46924266815186,1
302,2024-03-18,88.4148178100586,92.363020323198,87.04543743889901,90.34693832973475,668976000,70.84341079711913,58.923893966674804,1
303,2024-03-19,89.35739135742188,90.50286685393166,84.97138422754449,86.66061131736247,672171000,71.64911079406738,59.38109508514404,1
304,2024-03-20,90.33094787597656,90.36893262675872,88.18292203943432,89.7562045087411,479063000,72.41119346618652,59.86686061859131,1
305,2024-03-21,91.3934555053711,92.60590946151324,90.3639246898217,92.25806799689252,480372000,73.1767951965332,60.37777271270752,1
306,2024-03-22,94.24617004394533,94.73494632617268,90.79273767099636,91.0995974210595,586719000,73.97526329040528,60.915472984313965,1
307,2024-03-25,94.95883178710938,96.7220301978138,93.46751295712748,93.8983168748369,552136000,74.77854942321777,61.45369369506836,1
308,2024-03-26,92.51895141601562,96.33122190575376,92.45998010784324,95.80745785714451,513648000,75.53527694702149,61.97132339477539,1
309,2024-03-27,90.2090072631836,93.19764703060396,89.0825202595378,93.06970681708792,586067000,76.21238220214843,62.45041275024414,1
310,2024-03-28,90.31494903564452,91.2585203678196,89.15247543816959,89.95910797996004,435212000,76.89818298339844,62.91875854492187,1
311,2024-04-01,90.32194519042967,92.18309875741171,89.16347516442184,90.25797890351257,452441000,77.5630542755127,63.37219310760498,1
312,2024-04-02,89.41136932373047,90.0530759828404,87.580200789575,88.40781996760923,433064000,78.16205787658691,63.80906627655029,1
313,2024-04-03,88.923583984375,90.33294713635686,88.3598448243253,88.44380630032965,370067000,78.74804748535156,64.23902278900147,1
314,2024-04-04,85.865966796875,90.59282202260624,85.84097663074387,90.36492116364104,434965000,79.26850692749024,64.63221683502198,1
315,2024-04-05,87.96802520751953,88.44080991811138,85.88697023320091,86.82653804838375,399678000,79.80124244689941,65.0426736831665,1
316,2024-04-08,87.09342193603516,88.78964964856534,86.69260311937641,88.65970382216,283220000,80.31138854980469,65.43054264068604,1
317,2024-04-09,85.3152084350586,87.59517772557601,82.98427507127602,87.40226463843116,501700000,80.79768447875976,65.79778118133545,1
318,2024-04-10,86.99946594238281,87.36030202720293,83.67097669028665,83.88788099023252,431929000,81.28899993896485,66.1715083694458,1
319,2024-04-11,90.5748291015625,90.69777431894296,86.88651070979101,87.3802819466206,431637000,81.84564575195313,66.58866462707519,1
320,2024-04-12,88.14593505859375,90.13403751700548,87.49023484155897,89.65824820701377,426805000,82.37864112854004,66.97561542510986,1
321,2024-04-15,85.96192932128906,90.5718336083146,85.88996343395554,89.05752248069292,443077000,82.83797149658203,67.34254508972168,1
322,2024-04-16,87.37528228759766,88.07795816892963,86.02489821377218,86.39372622024712,370453000,83.26294006347656,67.71250484466553,1
323,2024-04-17,83.99681854248047,88.73466257299502,83.91185045527357,88.29985504936586,495400000,83.55693130493164,68.05332721710205,1
324,2024-04-18,84.63253784179688,86.15085269192379,82.3645712871811,84.93140562762866,447260000,83.88580581665039,68.4127795791626,1
325,2024-04-19,76.16539001464844,84.28570097395453,75.57166564195786,83.11223818340684,875198000,84.00783645629883,68.69695495605468,1
326,2024-04-22,79.48187255859375,80.03662072603697,76.36529285459991,78.0685134774025,596341000,84.20535202026367,69.0096378326416,1
327,2024-04-23,82.38555908203125,82.7314025960764,80.22754314018754,80.73231101825336,438559000,84.41112579345703,69.3555651473999,1
328,2024-04-24,79.64080810546875,84.04380588258387,79.14702921409854,83.91186206206669,512208000,84.55970626831055,69.67085678100585,1
329,2024-04-25,82.59446716308594,83.28514753299602,78.18746579696108,78.83216944223621,424641000,84.76975830078125,70.02937686920166,1
330,2024-04-26,87.69515991210938,88.29088993799844,83.34913477758114,83.77993881529957,551011000,85.04640213012695,70.43895389556884,1
331,2024-04-29,87.71713256835938,87.9520187834122,85.22725937914602,87.55520360857133,388971000,85.34831314086914,70.86129329681397,1
332,2024-04-30,86.36275482177734,88.77865678653,86.26080377564183,87.20037162224358,363709000,85.62403625488281,71.25949417114258,1
333,2024-05-01,83.00326538085938,85.96092040406639,81.21807385271738,85.0383433055248,559863000,85.89575759887695,71.63472492218017,1
334,2024-05-02,85.77801513671875,86.19782250273573,83.16219963332766,84.41063276835533,377898000,86.26255416870117,72.02677856445312,1
335,2024-05-03,88.74866485595703,89.24043810826264,87.00045887297132,87.74911915331617,398341000,86.46755462646485,72.43944332122803,1
336,2024-05-06,92.09813690185548,92.17810238522512,89.01453944248995,89.34938632493116,376203000,86.73396728515625,72.8943883895874,1
337,2024-05-07,90.51286315917967,91.73930312313776,88.97056485934608,91.05661474475473,437342000,86.9631771850586,73.32318584442139,1
338,2024-05-08,90.37093353271484,91.15257599630716,89.37937974936176,89.44235467047578,325721000,87.1973649597168,73.7462561416626,1
339,2024-05-09,88.70668029785156,91.0306209060013,88.19091589664993,90.48786834493905,378013000,87.41901687622071,74.15006526947022,1
340,2024-05-10,89.8371810913086,91.35949205828037,89.18647576081177,90.26398912545034,335325000,87.63431350708008,74.55978214263916,1
341,2024-05-13,90.3579330444336,90.95665993755156,88.48877985590597,90.43689190742708,289680000,87.79671707153321,74.96284244537354,1
342,2024-05-14,91.31450653076172,91.6093707038522,88.89360196869727,89.55830082348145,296507000,87.91912170410156,75.3801961517334,1
343,2024-05-15,94.58702087402344,94.81891776809128,91.55739917721064,92.43000380086178,417735000,88.09236297607421,75.84519748687744,1
344,2024-05-16,94.3161392211914,95.7754751109485,94.0602511759334,94.86689143447046,323952000,88.20549179077149,76.29870441436768,1
345,2024-05-17,92.4369888305664,94.69696338532674,91.7642980099601,94.32613733717376,359691000,88.20169372558594,76.73501899719238,1
346,2024-05-20,94.73694610595705,95.15675349579068,93.39755844526998,93.70741519120496,318764000,88.34666793823243,77.1898454284668,1
347,2024-05-21,95.34266662597656,95.35666020460762,93.13766755607,93.55647591838029,328946000,88.53882049560546,77.64934970855712,1
348,2024-05-22,94.90686798095705,95.97638165173367,93.20664422258312,95.41563946312446,548648000,88.5995329284668,78.10344657897949,1
349,2024-05-23,103.7518539428711,106.27170489938445,101.4738822009577,101.98165468043742,835065000,88.85763580322265,78.645993309021,1
350,2024-05-24,106.42063903808594,106.4266330182304,102.95321303565972,104.40155233715764,429494000,89.22796768188476,79.22876113891601,1
351,2024-05-28,113.84925842285156,114.88678889703831,109.83308596330244,110.19392203047548,652728000,89.74901092529296,79.89180213928222,1
352,2024-05-29,114.7728271484375,115.43952391941134,110.85061401228768,112.99863970593697,557442000,90.27617111206055,80.55979095458984,1
353,2024-05-30,110.44979858398438,115.76638234537349,109.61318085591913,114.59791471662284,484553000,90.69801925659179,81.1735650253296,1
354,2024-05-31,109.58319854736328,112.66579716472955,106.89142114521177,112.46888043622216,613263000,91.08306427001953,81.74712886810303,1
355,2024-06-03,114.94775390625,114.94775390625,111.95211383768398,113.56938260132851,438392000,91.55415023803711,82.36547271728516,1
356,2024-06-04,116.38410186767578,116.54702983384996,113.99319020529364,115.66343635588582,403324000,91.99690887451172,82.9860860824585,1
357,2024-06-05,122.38438415527344,122.39337512542777,117.41464256080788,118.31723225166974,528402000,92.545419921875,83.66198467254638,1
358,2024-06-06,120.94304656982422,125.52995923944624,118.26626145309442,123.99165675392088,664696000,93.11390182495117,84.32458938598633,1
359,2024-06-07,120.83309173583984,121.6367274036824,117.96839619109424,119.71559570112828,412386000,93.72638351440429,84.96938285827636,1
360,2024-06-10,121.73467254638672,123.04407498199868,116.95684528802722,120.31531947295235,313434100,94.35477798461915,85.6264804840088,1
361,2024-06-11,120.86500549316406,122.8242751394822,118.6958072896019,121.7246784169854,222551200,94.96563919067383,86.26434673309326,1
362,2024-06-12,125.15341186523438,126.8327870669311,122.52439319522972,123.01420873797916,299595000,95.68048004150391,86.9212689590454,1
363,2024-06-13,129.561767578125,129.75169931207168,127.11268237111577,129.34184822861943,260704500,96.4932437133789,87.62064559936523,1
364,2024-06-14,131.8309326171875,132.7905668615139,128.27225972601377,129.9116488754234,309320400,97.41254302978516,88.34052497863769,1
365,2024-06-17,130.93125915527344,133.68023590303568,129.53178618492996,132.94052101290185,288504400,98.27180770874024,89.03652507781982,1
366,2024-06-18,135.529541015625,136.2792618770274,130.64136160940566,131.09119107562512,294335100,99.24053009033203,89.77595932006835,1
367,2024-06-20,130.73133850097656,140.70762089792785,129.47181280958608,139.74798663394793,517768400,100.14885269165039,90.47326858520508,1
368,2024-06-21,126.52288818359376,130.5813821684496,124.25373647196923,127.07268651484108,649445800,100.9393211364746,91.11416053771973,1
369,2024-06-24,118.0660400390625,124.41367504218908,117.99606639814192,123.19412790624048,476060900,101.48914535522461,91.66739555358886,1
370,2024-06-25,126.04306030273438,126.4529113441216,119.27558373905312,121.15488117789624,414192600,102.24708786010743,92.31286449432373,1
371,2024-06-26,126.35295867919922,128.0723121328984,122.55436989135586,126.08305489542056,362975900,103.05490844726563,92.94643997192382,1
372,2024-06-27,123.94385528564452,126.36296048467364,122.87425378862146,124.05381495953472,252571700,103.78627990722656,93.52460998535156,1
373,2024-06-28,123.49402618408205,127.66247251115811,122.70431926304768,124.53364006899224,315516700,104.57622406005859,94.06657768249512,1
374,2024-07-01,124.25374603271484,124.79353836567704,118.785780418966,123.4240530786478,284885500,105.36864822387696,94.62722702026367,1
375,2024-07-02,122.62433624267578,123.36406628074263,120.9849473163218,121.0849085676254,218374000,106.2978271484375,95.15283180236817,1
376,2024-07-03,128.2322540283203,128.2322540283203,121.31483142526584,121.61472281837746,215749000,107.27283477783203,95.73909339904785,1
377,2024-07-05,125.78317260742188,128.80205294716893,125.63322690650442,127.33259117942193,214176700,108.14078704833985,96.27595642089844,1
378,2024-07-08,128.15228271484375,130.72133351853034,126.99271841631584,127.44254788203128,237677300,109.11101654052734,96.83536140441895,1
379,2024-07-09,131.33111572265625,133.77021018974597,128.60212062869667,130.30150022676182,285366600,110.08574951171875,97.42775390625,1
380,2024-07-10,134.8597869873047,135.0497187053357,132.3707083327198,133.98010966299657,248978600,111.02904205322265,98.03772209167481,1
381,2024-07-11,127.3525848388672,136.09932057175976,127.00271662980028,135.6994755480004,374782700,111.82175109863282,98.58503211975098,1
382,2024-07-12,129.19190979003906,131.87090512655513,127.17265724708656,128.21226350748265,252680500,112.67833419799804,99.15118522644043,1
383,2024-07-15,128.39219665527344,131.34109560506872,127.13266349593106,130.51140270339172,208326200,113.58611282348633,99.74093521118164,1
384,2024-07-16,126.31297302246094,128.9919682814133,124.53363670793642,128.3922007361648,214769500,114.39681198120117,100.32968307495118,1
385,2024-07-17,117.9460906982422,121.804654901366,116.67656665415736,121.30484096444896,390086200,114.98076049804688,100.72415756225585,1
386,2024-07-18,121.04492950439452,122.35444713942655,116.51661668353267,121.80464878579994,320979500,115.55969635009765,101.14683181762695,1
387,2024-07-19,117.8861083984375,121.55474064508192,117.3263192631504,120.30520587770536,217223800,116.10716125488281,101.5351692199707,1
388,2024-07-22,123.49402618408205,124.02382772725,119.81539537076716,120.30521088452836,258068900,116.76962310791015,101.98349403381347,1
389,2024-07-23,122.54436492919922,124.64358935199353,122.05454945627272,122.73429664640844,173911000,117.44637680053711,102.4326968383789,1
390,2024-07-24,114.20748138427734,119.90535705479644,113.39778526966548,119.12564855531016,327776900,117.93378280639648,102.78404815673828,1
391,2024-07-25,112.23821258544922,116.58659216144552,106.26044237682176,112.9979318788142,460067000,118.37138839721679,103.084052734375,1
392,2024-07-26,113.01791381835938,116.15674442221705,111.53846898200278,116.14675363558489,293399100,118.80545654296876,103.36228912353516,1
393,2024-07-29,111.54845428466795,116.23671076015049,111.25856895549296,113.64767861053164,248152100,119.14468521118164,103.61852409362793,1
394,2024-07-30,103.69139099121094,111.94831080491622,102.50183151527264,111.4784845370564,486833300,119.33219024658203,103.76884101867675,1
395,2024-07-31,116.9764404296875,118.29594880516444,110.83872641972827,112.85797882293916,473174200,119.82297927856445,104.0123365020752,1
396,2024-08-01,109.16935729980467,120.11528690507728,106.770248918748,117.4862607613273,523462300,120.11162750244141,104.22914772033691,1
397,2024-08-02,107.23007202148438,108.67953692460011,101.3322740328123,103.72138389300984,482027500,120.34937561035156,104.44409805297852,1
398,2024-08-05,100.41261291503906,103.37151801623692,90.65625074239716,92.02573599453234,552842400,120.4594905090332,104.52951171875,1
399,2024-08-06,104.2112045288086,107.66991601333108,100.51258449303656,103.8013534449751,409012100,120.46867752075195,104.6631566619873,1
400,2024-08-07,98.8731918334961,108.75951041282164,98.65327249174284,107.76987337493198,411440400,120.31772857666016,104.77284812927246,1
401,2024-08-08,104.93093872070312,105.46074027148636,97.48370651422417,101.9620427269347,391910000,120.13936218261719,104.94418655395508,1
402,2024-08-09,104.71101379394533,106.5603237294343,103.39150538103132,105.6006819406382,290844200,119.93812591552734,105.10714851379394,1
403,2024-08-12,108.97942352294922,111.02866364109283,106.22045618169848,106.28043141146972,325559900,119.90871841430663,105.30336883544922,1
404,2024-08-13,116.09677124023438,116.18674170739068,111.53847094577723,112.3981514576694,312646700,120.03898986816407,105.5610270690918,1
405,2024-08-14,118.03605651855467,118.55585963676825,114.02754676709954,118.48588599342114,339246400,120.10075592041015,105.82745307922363,1
406,2024-08-15,122.81427764892578,123.1941334844724,117.426284174408,118.71580500966672,318086700,120.22935943603515,106.11313415527344,1
407,2024-08-16,124.53363037109376,124.95347220733728,121.13489440174322,121.89461364819915,302589900,120.27234436035157,106.40888214111328,1
408,2024-08-19,129.9516143798828,129.9516143798828,123.37406160628171,124.23374212691918,318333600,120.45251571655274,106.78320877075195,1
409,2024-08-20,127.20264434814452,129.8316704836438,125.84314985736412,128.35221027833737,300087400,120.57990676879882,107.15314514160156,1
410,2024-08-21,128.45217895507812,129.30186873034427,126.61286736853016,127.27261778490316,257883600,120.71425689697266,107.5345174407959,1
411,2024-08-22,123.6939468383789,130.70134013517236,123.05418563063326,129.9716160825352,376189100,120.77083572387696,107.86823745727538,1
412,2024-08-23,129.32183837890625,129.5517637458536,125.1733892777955,125.81315043381734,323230300,120.85420425415039,108.26734214782715,1
413,2024-08-26,126.41293334960938,131.2111423152786,124.32371486411648,129.5217841101186,331964700,120.79122756958007,108.64223564147949,1
414,2024-08-27,128.25225830078125,129.15191727923408,123.83389733541988,125.00346773520825,303134600,120.71965408325195,109.06609855651855,1
415,2024-08-28,125.5632553100586,128.28224429229948,122.59435936439932,128.0723157316594,448101100,120.61229400634765,109.44205085754395,1
416,2024-08-29,117.54623413085938,124.38369252727088,116.6665643765756,121.31483536128766,453023300,120.25262786865234,109.74657897949218,1
417,2024-08-30,119.32557678222656,121.70468827145996,117.17637542296367,119.48551326917712,333751600,120.02451263427734,110.08668266296387,1
418,2024-09-03,107.95980834960938,116.16675212470322,107.25007348768284,115.96682960430756,477155100,119.65325103759766,110.29628608703614,1
419,2024-09-04,106.17047119140624,113.2278412494732,104.08125268189777,105.37077350121302,372470300,119.41533966064453,110.45224250793457,1
420,2024-09-05,107.17009735107422,109.60919166518131,104.72101224991616,104.95092237696755,306850700,119.03788040161133,110.64248413085937,1
421,2024-09-06,102.79174041748048,108.10976062475324,100.91243505468218,107.99980094388502,413638100,118.56665603637695,110.81078224182129,1
422,2024-09-09,106.43038177490234,106.51035383580418,103.6514174842849,104.840969477339,273912000,118.21638656616211,111.00133323669434,1
423,2024-09-10,108.05976104736328,109.3592802066297,104.910932028029,107.7698680771714,268283700,117.90770126342774,111.24196266174316,1
424,2024-09-11,116.86649322509766,117.14638779715078,107.38001963060196,109.34928767526075,441422400,117.7599562072754,111.56430221557618,1
425,2024-09-12,119.10584259033205,120.75537106961634,115.346918426563,116.80649893712273,366052700,117.68958633422852,111.99370674133301,1
426,2024-09-13,119.06585693359376,119.92561101375162,117.56628692781244,119.04586602282129,238358300,117.50625839233399,112.38954658508301,1
427,2024-09-16,116.74652099609376,118.14612117800915,114.32721657757573,116.75652026497237,248772300,117.32552536010742,112.73315620422363,1
428,2024-09-17,115.5568618774414,118.76594842655496,114.7970852268969,118.13612413784692,231925900,117.07361694335937,113.09231674194336,1
429,2024-09-18,113.3375015258789,117.66625439302568,113.18754300284536,115.8567757294544,310318900,116.71374465942382,113.39974708557129,1
430,2024-09-19,117.83621215820312,119.62569992209964,117.21638715198856,117.31635695887287,293506400,116.3732731628418,113.70115760803223,1
431,2024-09-20,115.9667510986328,118.58600287786224,115.35692533181684,117.02644483175868,382462400,116.14555648803712,113.98365379333497,1
432,2024-09-23,116.22667694091795,116.9564634197924,114.82707671663402,116.51659472951452,206228500,115.8862518310547,114.28229301452637,1
433,2024-09-24,120.83535766601562,121.76509140434464,115.34692577819862,116.48659840876869,354966800,115.73511505126953,114.66061393737793,1
434,2024-09-25,123.47459411621094,124.9041844669008,121.57513728542474,121.98501577990396,284692900,115.67834747314453,115.03757972717285,1
435,2024-09-26,124.0044403076172,127.63339688941235,121.76508462125145,126.76365118817954,302582900,115.79951446533204,115.39013748168945,1
436,2024-09-27,121.36520385742188,123.99444725769884,119.22581786965418,123.93446689659378,271009200,115.80591995239257,115.68280815124511,1
437,2024-09-30,121.40518188476562,121.4651622402274,118.11612431295472,118.2760744699218,226553700,115.87630142211914,115.99173133850098,0
438,2024-10-01,116.96646118164062,122.4049042106216,115.7568089513518,121.7350904738439,302094500,115.74575012207032,116.25768661499023,0
439,2024-10-02,118.81592559814452,119.34577243311742,115.10699012612707,116.4066204825267,221845900,115.67118133544922,116.55877906799316,0
440,2024-10-03,122.81478118896484,124.3243504544059,120.30549859251518,120.88533415502997,277118000,115.84332733154297,116.88855506896972,0
441,2024-10-04,124.88418579101562,125.00415413490973,121.79507530101388,124.90418432860164,243678100,116.0962467956543,117.23381759643554,0
442,2024-10-07,127.6833953857422,130.6025566538886,124.91418502432316,124.9541744751864,346250200,116.38955642700195,117.59750648498535,0
443,2024-10-08,132.85189819335938,133.44172537204778,129.38289186465897,130.2226473652744,285722500,116.81562530517579,117.98015525817871,0
444,2024-10-09,132.61196899414062,134.48144332062452,131.34234403030248,134.0715571884807,246191600,117.39403686523437,118.3631135559082,0
445,2024-10-10,134.7713623046875,134.96131029321415,130.9624566548967,131.87219951867377,242311300,117.74993530273437,118.78645729064941,0
446,2024-10-11,134.76136779785156,135.74108264717918,133.62169514533127,133.97158567859756,170209500,118.26177551269531,119.18670150756836,0
447,2024-10-14,138.0304412841797,139.56000161928338,136.26094423310064,136.43089368651033,232347700,118.87778289794922,119.6135792541504,0
448,2024-10-15,131.56228637695312,138.53028982768672,128.70310551155586,137.8304782609884,377831000,119.5007763671875,119.98013343811036,0
449,2024-10-16,135.6810760498047,136.58081182356645,131.5422640325576,133.9415695988641,264879700,120.13017379760743,120.29942565917969,0
450,2024-10-17,136.8907470703125,140.84961880375567,136.83076670766297,139.30005999950754,306435900,120.89052490234376,120.60412673950195,1
451,2024-10-18,137.96043395996094,138.86016981880368,137.24063917112105,138.63024003343975,176090200,121.55111480712891,120.84523849487304,1
452,2024-10-21,143.66880798339844,143.66880798339844,137.96043821210023,138.090405825162,264554500,122.33027069091797,121.13419830322266,1
453,2024-10-22,143.54884338378906,144.37860733596548,141.73936457126644,142.86904559419827,226311600,123.02165908813477,121.46518875122071,1
454,2024-10-23,139.51998901367188,142.3891613712536,137.42060018656866,141.9892821435429,285930000,123.49012344360352,121.7645566558838,1
455,2024-10-24,140.3697509765625,141.30948393843238,138.42031305269128,140.77963709898057,172354900,123.93679733276367,122.01877662658691,1
456,2024-10-25,141.49942016601562,144.0886893234089,140.7596420534019,140.88959441527413,205122100,124.31050018310548,122.26992980957031,1
457,2024-10-28,140.479736328125,143.09898064959424,140.00986979275078,142.95902137870084,173586700,124.6294223022461,122.45088333129883,1
458,2024-10-29,141.20950317382812,142.2192081120129,138.86017082456863,140.2497716969522,157593600,124.854580078125,122.65354789733887,1
459,2024-10-30,139.300048828125,140.28977049571748,136.77077537646986,139.49998843906093,179418100,125.09652816772461,122.83821746826172,1
460,2024-10-31,132.72193908691406,137.57055494467397,132.07213151004177,137.56056330274592,270039600,125.18192337036133,122.948090133667,1
461,2024-11-01,135.36119079589844,137.2706470867555,134.53144208222884,134.6613944536623,207127800,125.41526824951171,123.09305198669433,1
462,2024-11-04,136.01100158691406,138.9201710380497,135.53114345978716,137.17067271068436,187528200,125.54905151367187,123.20162788391113,1
463,2024-11-05,139.86988830566406,140.32974787080795,137.29062621937655,137.41058693125512,160537400,125.81819061279298,123.30470909118652,1
464,2024-11-06,145.56825256347656,146.44800513885863,141.91930516184587,142.91901845044762,242043900,126.16451049804688,123.44208229064941,1
465,2024-11-07,148.83734130859375,148.88731477688594,146.1281111837162,146.3480493601011,207323300,126.62999221801758,123.62114311218262,1
466,2024-11-08,147.58767700195312,149.72706281958904,146.21805942983792,148.7273495355645,175665800,127.23082107543945,123.7417244720459,1
467,2024-11-11,145.21835327148438,148.8073357305937,143.52885055228916,148.6373710400852,182325600,127.7486766052246,123.88659461975098,1
468,2024-11-12,148.2474822998047,149.60709303241688,145.9681371384276,146.73792067016035,198634700,128.55443008422853,124.10384056091308,1
469,2024-11-13,146.22805786132812,149.2871778926647,145.85815359464874,149.02725794545245,191903300,129.35558181762696,124.38546073913574,1
470,2024-11-14,146.71792602539062,148.95728942511607,145.50828141212895,147.59767865642831,194463300,130.14653839111327,124.5922093963623,1
471,2024-11-15,141.9392852783203,145.19836028928967,140.03983617411208,144.8284560077565,250132900,130.92948928833007,124.74807266235352,1
472,2024-11-18,140.10980224609375,141.50940991238423,137.1106625740026,139.45999475223928,221205300,131.60307769775392,124.90973213195801,1
473,2024-11-19,146.9678497314453,147.08782570288798,140.94958652618317,141.2794937524248,227834900,132.38123947143555,125.14447036743164,1
474,2024-11-20,145.84817504882812,147.5176944558783,142.68907730947365,147.36774356025674,309871700,132.96087310791015,125.36041465759277,1
475,2024-11-21,146.62796020507812,152.84617867409492,140.65967008206871,149.30720000657334,400946600,133.51131546020508,125.6004508972168,1
476,2024-11-22,141.9093017578125,147.1178148315253,141.05955459424152,145.88815647311117,236406200,133.96818435668945,125.73722137451172,1
477,2024-11-25,135.9810028076172,142.0092725854583,135.78106320516017,141.9492922301626,344941900,134.3528739929199,125.83919967651367,1
478,2024-11-26,136.88075256347656,139.26007526155422,135.63111085304342,137.66052777043362,190287700,134.77935180664062,125.926484375,1
479,2024-11-27,135.3011932373047,137.18065910710888,131.76221489663718,134.97128602051475,226370900,135.21862564086913,125.96618515014649,1
480,2024-11-29,138.2103729248047,139.31006372977,136.0110065692894,136.74079305563075,141863200,135.62610885620117,125.99969100952148,1
481,2024-12-02,138.59027099609375,140.40974141861778,137.7805055975671,138.79021062156448,171682800,136.07857925415038,126.11206787109376,1
482,2024-12-03,140.2198028564453,140.4997214017946,137.91046723010535,138.22037595856943,164414000,136.55844177246092,126.22234680175781,1
483,2024-12-04,145.09840393066406,145.74821154635353,140.2497877832653,141.95930442882306,231224300,137.0437026977539,126.38940887451172,1
484,2024-12-05,145.02841186523438,146.50808533514203,143.91865294893697,145.0784040292141,172621200,137.47477905273436,126.57656326293946,1
485,2024-12-06,142.40899658203125,145.66828146425675,141.27923767487087,144.56853006182772,188505600,137.84287017822265,126.82119232177735,1
486,2024-12-09,138.77975463867188,139.91950565348523,137.1001279875636,138.93972344033872,189308600,138.19116119384765,126.99854057312012,1
487,2024-12-10,135.04058837890625,141.78911819403848,133.76085313448985,138.97971741196267,210020900,138.46386932373048,127.1700853729248,1
488,2024-12-11,139.27964782714844,140.1394610798945,135.18055019628483,137.33007570041752,184905200,138.91013305664063,127.32794158935548,1
489,2024-12-12,137.31007385253906,138.40984029596007,135.77041608721427,137.05013599112348,159211400,139.28001602172853,127.47559867858887,1
490,2024-12-13,134.22076416015625,139.56960518418134,132.51112983721956,138.90974525213795,231514900,139.50813568115234,127.67573150634766,1
491,2024-12-16,131.9712371826172,134.37070812011547,130.39157963416957,134.1507548377073,237951100,139.64987670898438,127.87306175231933,1
492,2024-12-17,130.36160278320312,131.5613383936032,126.8323727744144,129.06188284882555,259410300,139.70344085693358,128.0464986419678,1
493,2024-12-18,128.88192749023438,136.67022414162827,128.2520598203989,133.83084634553458,277444500,139.6240414428711,128.21983337402344,1
494,2024-12-19,130.65151977539062,134.0007959707685,129.52177635647746,131.7312862928068,209719200,139.5848324584961,128.48943466186523,1
495,2024-12-20,134.670654296875,135.25052978203578,128.19207015255645,129.7817201303188,306528600,139.58281829833984,128.6663768005371,1
496,2024-12-23,139.6395721435547,139.75954112073697,135.09056027465786,136.25031123897003,176053500,139.6803823852539,128.97107894897462,1
497,2024-12-24,140.18946838378906,141.8690952419841,138.61980292789983,139.9695150682445,105157000,139.7235629272461,129.30067291259766,1
498,2024-12-26,139.89952087402344,140.81933395538283,137.70000300728188,139.6695752314167,116205600,139.8903076171875,129.6955419921875,1
499,2024-12-27,136.98016357421875,138.98973570413628,134.6806765533369,138.51983681592935,170582600,139.91628936767577,130.0232315826416,1
500,2024-12-30,137.46005249023438,140.23944563051566,133.99080722961983,134.80062832550155,167734700,139.92767547607423,130.40910018920897,1
501,2024-12-31,134.26075744628906,138.0399485497518,133.80086613446198,137.99994871496077,155659200,139.8536819458008,130.70239837646486,1
